{
  "text_title_80": 0.00155088298,
  "text_title_98": 0.0009527902399999999,
  "text_title_69": 0.0014964276000000002,
  "text_title_3": 0.00125841062,
  "text_title_124": 0.0014596770199999999,
  "text_title_19": 0.00168981746,
  "owner_gfi_ratio": 0.00155845394,
  "text_title_49": 0.00130237628,
  "text_title_34": 0.00156872858,
  "text_title_91": 0.00139232354,
  "text_title_14": 0.0014259979199999998,
  "text_comments_126": 0.00167752898,
  "text_comments_44": 0.00169069962,
  "text_title_76": 0.0016520531800000003,
  "text_title_22": 0.00042914295999999994,
  "text_title_81": 0.0016831644600000001,
  "text_comments_108": 0.00155908186,
  "text_title_88": 0.00041798423999999995,
  "text_title_55": 0.00075461516,
  "text_title_65": 0.0016449433399999998,
  "text_title_95": 0.00143975564,
  "text_body_121": 0.0016046324,
  "text_comments_42": 0.00147750246,
  "text_title_44": 0.00167342666,
  "text_title_63": 0.0016731707,
  "text_body_84": 0.0014010645800000001,
  "text_title_0": 0.00141152432,
  "text_comments_56": 0.0015223557399999998,
  "text_title_86": 0.00152387724,
  "text_body_116": 0.00169597634,
  "text_title_116": 0.0008835021400000001,
  "text_body_12": 0.00144772,
  "text_body_124": 0.0013492464999999999,
  "text_body_64": 0.00170509026,
  "text_title_78": 0.0008439594599999999,
  "text_comments_35": 0.00153804112,
  "text_title_10": 0.000985013,
  "text_title_94": 0.0013548144000000001,
  "text_body_48": 0.00139552384,
  "text_title_84": 0.00062769134,
  "text_comments_113": 0.00162522078,
  "text_comments_97": 0.0013053186600000002,
  "text_body_20": 0.0015072839799999999,
  "text_title_2": 0.00154693682,
  "text_title_75": 0.0016297510599999998,
  "text_title_11": 0.0007860298199999999,
  "text_body_87": 0.0013307778999999999,
  "text_body_80": 0.00150536752,
  "text_body_45": 0.0009030566,
  "text_comments_65": 0.00128734024,
  "text_body_3": 0.0016780589800000003,
  "text_body_108": 0.0016003007400000001,
  "text_title_12": 0.0015090548799999999,
  "text_title_5": 0.00117818186,
  "text_comments_28": 0.00159390766,
  "text_title_30": 0.00162145982,
  "text_body_57": 0.0015288702,
  "text_title_117": 0.00121794138,
  "text_comments_40": 0.0014768534199999998,
  "text_body_88": 0.0015489515799999999,
  "text_body_31": 0.0015104223,
  "text_title_122": 0.0016894407599999997,
  "text_comments_10": 0.00130203826,
  "text_body_24": 0.00148127632,
  "text_title_54": 0.00159265066,
  "text_body_37": 0.00141786574,
  "text_body_73": 0.00164202938,
  "text_title_79": 0.00029613694,
  "text_title_27": 0.00133743068,
  "text_body_83": 0.00135948252,
  "text_title_33": 0.0016825887800000002,
  "text_title_38": 0.0010755017200000001,
  "text_title_31": 0.0016999314799999998,
  "text_comments_110": 0.00161052442,
  "text_body_29": 0.00129576234,
  "text_title_105": 0.0011546336799999998,
  "text_body_82": 0.0017030248599999998,
  "text_title_102": 0.00161005592,
  "text_body_4": 0.0015756003599999998,
  "text_body_106": 0.00116903856,
  "text_title_127": 0.0016120880599999998,
  "text_body_32": 0.0015875299799999998,
  "text_body_102": 0.0015735263800000002,
  "text_title_126": 0.00140932974,
  "text_comments_99": 0.0015698871600000005,
  "text_title_66": 0.00062302862,
  "text_comments_41": 0.0015973528800000002,
  "text_body_99": 0.0015571067199999999,
  "text_body_17": 0.00145806036,
  "text_title_48": 0.0012501370000000001,
  "text_body_28": 0.001418512,
  "text_title_118": 0.00100715288,
  "text_body_63": 0.00158964152,
  "text_title_32": 0.00140825244,
  "text_body_94": 0.0015151085600000002,
  "text_title_51": 0.0016203374999999999,
  "text_title_21": 0.0016498689199999999,
  "text_comments_116": 0.0012228822,
  "text_title_109": 0.0011668723400000002,
  "n_code_snips": 0.0015724045200000002,
  "text_title_7": 0.0009400143,
  "text_title_35": 0.00100275668,
  "text_comments_94": 0.00104870478,
  "text_title_36": 0.00146300672,
  "text_body_86": 0.00134680402,
  "text_comments_62": 0.0013404594199999998,
  "owner_commits_num_all": 0.0,
  "text_title_18": 0.0008426249199999999,
  "build_num": 0.00165700358,
  "text_title_29": 0.0013884455399999999,
  "text_title_23": 0.00080689808,
  "major_num": 0.00159502526,
  "untriaged_num": 0.00043276636,
  "owner_pulls_num": 0.0,
  "text_title_13": 0.00023533202,
  "rpt_pulls_num_all": 0.0,
  "rpt_reviews_num_all": 0.0,
  "rpt_max_stars_pull": 0.0,
  "rpt_max_stars_review": 0.0,
  "text_comments_22": 0.0012091678000000002,
  "text_title_121": 0.00133562578,
  "text_title_37": 0.00034744368,
  "text_title_73": 0.00089110162,
  "text_title_114": 0.0011992879,
  "text_title_113": 0.0006548645599999999,
  "text_title_111": 0.00018040179999999998,
  "text_title_108": 0.00092677552,
  "text_title_100": 0.0010581422999999999,
  "text_title_99": 0.00034794261999999997,
  "text_title_97": 0.0010114906,
  "text_title_89": 0.00116742424,
  "text_title_85": 0.00086656714,
  "text_title_83": 0.0008360348999999999,
  "text_title_77": 0.0005807422799999999,
  "text_title_74": 0.00092494252,
  "text_title_72": 0.0010452721599999999,
  "text_title_39": 0.00019002246,
  "text_title_71": 0.00016725534,
  "text_title_67": 0.0016454743799999999,
  "text_title_123": 0.0012970993800000001,
  "text_title_57": 0.0004324858,
  "text_title_53": 0.0012493814999999999,
  "text_title_50": 0.0015297074800000002,
  "text_title_125": 0.00058625282,
  "text_title_47": 0.00114425388,
  "text_title_45": 0.00058282296,
  "text_title_43": 0.00036144618,
  "text_title_42": 0.00087549698,
  "text_title_64": 0.00055733748
}